{"cameraMode":{"drawMode":0,"name":"Shaded","section":"Shading Mode"},"sceneLighting":false,"audioPlay":false,"sceneViewState":{"showFog":true,"showMaterialUpdate":false,"showSkybox":true,"showFlares":true,"showImageEffects":true,"showParticleSystems":true},"in2DMode":false,"pivot":{"x":0.9494357109069824,"y":-1.7708499431610108,"z":2.6491036415100099},"rotation":{"x":-0.00868833065032959,"y":-0.9671608209609985,"z":0.25181543827056887,"w":-0.03336840867996216},"size":8.809701919555664,"orthographic":false}