{"cameraMode":{"drawMode":0,"name":"Shaded","section":"Shading Mode"},"sceneLighting":false,"audioPlay":false,"sceneViewState":{"showFog":true,"showMaterialUpdate":false,"showSkybox":true,"showFlares":true,"showImageEffects":true,"showParticleSystems":true},"in2DMode":false,"pivot":{"x":-1.6320867538452149,"y":1.0196284055709839,"z":-1.4062926769256592},"rotation":{"x":-0.0032795469742268326,"y":0.0761423259973526,"z":0.000250895565841347,"w":0.99709153175354},"size":3.1386353969573976,"orthographic":false}