{"cameraMode":{"drawMode":0,"name":"Shaded","section":"Shading Mode"},"sceneLighting":false,"audioPlay":false,"sceneViewState":{"showFog":true,"showMaterialUpdate":false,"showSkybox":true,"showFlares":true,"showImageEffects":true,"showParticleSystems":true},"in2DMode":false,"pivot":{"x":0.17620849609375,"y":-0.14253520965576173,"z":4.68310546875},"rotation":{"x":-0.0006012408412061632,"y":-0.025496868416666986,"z":0.000015069614164531231,"w":-0.9996747374534607},"size":3.8730316162109377,"orthographic":true}