{"cameraMode":{"drawMode":0,"name":"Shaded","section":"Shading Mode"},"sceneLighting":false,"audioPlay":false,"sceneViewState":{"showFog":true,"showMaterialUpdate":false,"showSkybox":true,"showFlares":true,"showImageEffects":true,"showParticleSystems":true},"in2DMode":false,"pivot":{"x":-6.603536605834961,"y":1.7855339050292969,"z":-11.881902694702149},"rotation":{"x":-0.34047433733940127,"y":-0.6136522889137268,"z":0.33128440380096438,"w":-0.6306812167167664},"size":7.8525390625,"orthographic":false}