{"cameraMode":{"drawMode":0,"name":"Shaded","section":"Shading Mode"},"sceneLighting":false,"audioPlay":false,"sceneViewState":{"showFog":true,"showMaterialUpdate":false,"showSkybox":true,"showFlares":true,"showImageEffects":true,"showParticleSystems":true},"in2DMode":false,"pivot":{"x":-8.3026123046875,"y":0.6249637603759766,"z":-7.335931301116943},"rotation":{"x":0.41766270995140078,"y":0.0640793964266777,"z":-0.02954813838005066,"w":0.9058579206466675},"size":7.9335174560546879,"orthographic":false}