{"cameraMode":{"drawMode":0,"name":"Shaded","section":"Shading Mode"},"sceneLighting":false,"audioPlay":false,"sceneViewState":{"showFog":true,"showMaterialUpdate":false,"showSkybox":true,"showFlares":true,"showImageEffects":true,"showParticleSystems":true},"in2DMode":false,"pivot":{"x":-2.0595834255218508,"y":-0.14017271995544434,"z":5.664341449737549},"rotation":{"x":0.2698470652103424,"y":-0.24942106008529664,"z":0.07259044796228409,"w":0.9272013306617737},"size":7.421912670135498,"orthographic":false}