{"cameraMode":{"drawMode":0,"name":"Shaded","section":"Shading Mode"},"sceneLighting":false,"audioPlay":false,"sceneViewState":{"showFog":true,"showMaterialUpdate":false,"showSkybox":true,"showFlares":true,"showImageEffects":true,"showParticleSystems":true},"in2DMode":false,"pivot":{"x":-3.999999761581421,"y":1.0274999141693116,"z":-7.999999523162842},"rotation":{"x":0.3528669774532318,"y":-0.6165652275085449,"z":0.3596189320087433,"w":0.6049847602844238},"size":9.965859413146973,"orthographic":false}