{"cameraMode":{"drawMode":0,"name":"Shaded","section":"Shading Mode"},"sceneLighting":false,"audioPlay":false,"sceneViewState":{"showFog":true,"showMaterialUpdate":false,"showSkybox":true,"showFlares":true,"showImageEffects":true,"showParticleSystems":true},"in2DMode":false,"pivot":{"x":-1.3349422216415406,"y":0.5916934013366699,"z":2.875084400177002},"rotation":{"x":0.30286675691604617,"y":-0.31921428442001345,"z":0.10846973210573197,"w":0.8914080858230591},"size":1.70833158493042,"orthographic":false}