{"cameraMode":{"drawMode":0,"name":"Shaded","section":"Shading Mode"},"sceneLighting":false,"audioPlay":false,"sceneViewState":{"showFog":true,"showMaterialUpdate":false,"showSkybox":true,"showFlares":true,"showImageEffects":true,"showParticleSystems":true},"in2DMode":false,"pivot":{"x":-21.837419509887697,"y":3.771610736846924,"z":-22.558822631835939},"rotation":{"x":-0.382879376411438,"y":-0.02057601511478424,"z":0.008531630039215088,"w":-0.9235298037528992},"size":6.1512837409973148,"orthographic":false}