{"cameraMode":{"drawMode":0,"name":"Shaded","section":"Shading Mode"},"sceneLighting":false,"audioPlay":false,"sceneViewState":{"showFog":true,"showMaterialUpdate":false,"showSkybox":true,"showFlares":true,"showImageEffects":true,"showParticleSystems":true},"in2DMode":false,"pivot":{"x":-0.9379771947860718,"y":0.7722147107124329,"z":-2.310845375061035},"rotation":{"x":-0.0003617567999754101,"y":-0.9695006608963013,"z":-0.0014362975489348174,"w":0.2450844645500183},"size":4.293477535247803,"orthographic":false}