{"cameraMode":{"drawMode":0,"name":"Shaded","section":"Shading Mode"},"sceneLighting":false,"audioPlay":false,"sceneViewState":{"showFog":true,"showMaterialUpdate":false,"showSkybox":true,"showFlares":true,"showImageEffects":true,"showParticleSystems":true},"in2DMode":false,"pivot":{"x":-0.9371132850646973,"y":-0.29554271697998049,"z":-0.7425150871276856},"rotation":{"x":0.3241567015647888,"y":-0.5748093724250794,"z":0.26502662897109988,"w":0.7030487060546875},"size":7.948059558868408,"orthographic":false}