{"cameraMode":{"drawMode":0,"name":"Shaded","section":"Shading Mode"},"sceneLighting":false,"audioPlay":false,"sceneViewState":{"showFog":true,"showMaterialUpdate":false,"showSkybox":true,"showFlares":true,"showImageEffects":true,"showParticleSystems":true},"in2DMode":false,"pivot":{"x":1.8270165920257569,"y":-0.8365640640258789,"z":10.975301742553711},"rotation":{"x":0.026450563222169877,"y":-0.9438809156417847,"z":0.31983739137649538,"w":0.07805994898080826},"size":8.137533187866211,"orthographic":false}