{"cameraMode":{"drawMode":0,"name":"Shaded","section":"Shading Mode"},"sceneLighting":false,"audioPlay":false,"sceneViewState":{"showFog":true,"showMaterialUpdate":false,"showSkybox":true,"showFlares":true,"showImageEffects":true,"showParticleSystems":true},"in2DMode":false,"pivot":{"x":24.55571746826172,"y":-0.120444655418396,"z":17.242591857910158},"rotation":{"x":-0.12097414582967758,"y":-0.061965323984622958,"z":0.007566239684820175,"w":-0.9906908273696899},"size":6.4364213943481449,"orthographic":false}