{"cameraMode":{"drawMode":0,"name":"Shaded","section":"Shading Mode"},"sceneLighting":false,"audioPlay":false,"sceneViewState":{"showFog":true,"showMaterialUpdate":false,"showSkybox":true,"showFlares":true,"showImageEffects":true,"showParticleSystems":true},"in2DMode":false,"pivot":{"x":2.254405975341797,"y":-0.054178833961486819,"z":0.8447256088256836},"rotation":{"x":-0.10112199187278748,"y":-0.43173903226852419,"z":0.04878035932779312,"w":-0.8949839472770691},"size":4.805267810821533,"orthographic":false}