{"cameraMode":{"drawMode":0,"name":"Shaded","section":"Shading Mode"},"sceneLighting":false,"audioPlay":false,"sceneViewState":{"showFog":true,"showMaterialUpdate":false,"showSkybox":true,"showFlares":true,"showImageEffects":true,"showParticleSystems":true},"in2DMode":false,"pivot":{"x":-0.6671733856201172,"y":0.3207278251647949,"z":5.179010391235352},"rotation":{"x":0.0741671621799469,"y":-0.11222953349351883,"z":0.008400464430451393,"w":0.9908750057220459},"size":15.413236618041993,"orthographic":false}