{"cameraMode":{"drawMode":0,"name":"Shaded","section":"Shading Mode"},"sceneLighting":false,"audioPlay":false,"sceneViewState":{"showFog":true,"showMaterialUpdate":false,"showSkybox":true,"showFlares":true,"showImageEffects":true,"showParticleSystems":true},"in2DMode":false,"pivot":{"x":4.775276184082031,"y":0.7081427574157715,"z":30.698898315429689},"rotation":{"x":0.05320616811513901,"y":-0.9339771270751953,"z":0.15697115659713746,"w":0.3165690004825592},"size":7.884438514709473,"orthographic":false}