{"cameraMode":{"drawMode":0,"name":"Shaded","section":"Shading Mode"},"sceneLighting":false,"audioPlay":false,"sceneViewState":{"showFog":true,"showMaterialUpdate":false,"showSkybox":true,"showFlares":true,"showImageEffects":true,"showParticleSystems":true},"in2DMode":false,"pivot":{"x":-12.92141056060791,"y":0.05949509143829346,"z":-3.0162625312805177},"rotation":{"x":0.03947899118065834,"y":-0.9212564826011658,"z":0.09709784388542175,"w":0.3745664060115814},"size":7.097658157348633,"orthographic":false}