{"cameraMode":{"drawMode":0,"name":"Shaded","section":"Shading Mode"},"sceneLighting":false,"audioPlay":false,"sceneViewState":{"showFog":true,"showMaterialUpdate":false,"showSkybox":true,"showFlares":true,"showImageEffects":true,"showParticleSystems":true},"in2DMode":false,"pivot":{"x":-5.147160053253174,"y":0.2096118927001953,"z":12.256994247436524},"rotation":{"x":0.12826299667358399,"y":0.6058372855186462,"z":-0.09977548569440842,"w":0.7788162231445313},"size":6.417384147644043,"orthographic":false}