{"cameraMode":{"drawMode":0,"name":"Shaded","section":"Shading Mode"},"sceneLighting":false,"audioPlay":false,"sceneViewState":{"showFog":true,"showMaterialUpdate":false,"showSkybox":true,"showFlares":true,"showImageEffects":true,"showParticleSystems":true},"in2DMode":false,"pivot":{"x":11.316484451293946,"y":1.261922001838684,"z":18.35525131225586},"rotation":{"x":-0.022171586751937867,"y":0.06604280322790146,"z":-0.0014680433087050915,"w":-0.9975694417953491},"size":4.919532299041748,"orthographic":false}