{"cameraMode":{"drawMode":0,"name":"Shaded","section":"Shading Mode"},"sceneLighting":false,"audioPlay":false,"sceneViewState":{"showFog":true,"showMaterialUpdate":false,"showSkybox":true,"showFlares":true,"showImageEffects":true,"showParticleSystems":true},"in2DMode":false,"pivot":{"x":-4.643780708312988,"y":1.0838797092437745,"z":6.568084716796875},"rotation":{"x":-0.0372437946498394,"y":0.7526522874832153,"z":-0.04273234307765961,"w":-0.6559736728668213},"size":32.08393096923828,"orthographic":false}