{"cameraMode":{"drawMode":0,"name":"Shaded","section":"Shading Mode"},"sceneLighting":false,"audioPlay":false,"sceneViewState":{"showFog":true,"showMaterialUpdate":false,"showSkybox":true,"showFlares":true,"showImageEffects":true,"showParticleSystems":true},"in2DMode":false,"pivot":{"x":1.9700000286102296,"y":1.8799999952316285,"z":4.010000228881836},"rotation":{"x":0.3528669774532318,"y":-0.6165652275085449,"z":0.3596189320087433,"w":0.6049847602844238},"size":8.104083061218262,"orthographic":false}