{"cameraMode":{"drawMode":0,"name":"Shaded","section":"Shading Mode"},"sceneLighting":false,"audioPlay":false,"sceneViewState":{"showFog":true,"showMaterialUpdate":false,"showSkybox":true,"showFlares":true,"showImageEffects":true,"showParticleSystems":true},"in2DMode":false,"pivot":{"x":-1.6717655658721924,"y":12.507014274597168,"z":28.38579559326172},"rotation":{"x":-0.2938807010650635,"y":-0.20975059270858766,"z":0.0662696585059166,"w":-0.9301866292953491},"size":3.2238399982452394,"orthographic":false}