{"cameraMode":{"drawMode":0,"name":"Shaded","section":"Shading Mode"},"sceneLighting":false,"audioPlay":false,"sceneViewState":{"showFog":true,"showMaterialUpdate":false,"showSkybox":true,"showFlares":true,"showImageEffects":true,"showParticleSystems":true},"in2DMode":false,"pivot":{"x":0.1612088680267334,"y":0.9792718291282654,"z":-0.1263723373413086},"rotation":{"x":0.005106603726744652,"y":-0.9921453595161438,"z":0.04319635406136513,"w":0.11728429049253464},"size":6.934690475463867,"orthographic":false}