{"cameraMode":{"drawMode":0,"name":"Shaded","section":"Shading Mode"},"sceneLighting":false,"audioPlay":false,"sceneViewState":{"showFog":true,"showMaterialUpdate":false,"showSkybox":true,"showFlares":true,"showImageEffects":true,"showParticleSystems":true},"in2DMode":false,"pivot":{"x":-12.046952247619629,"y":-2.7635738849639894,"z":6.521729946136475},"rotation":{"x":-0.09483536332845688,"y":0.7528409957885742,"z":-0.11124952137470246,"w":-0.6417633891105652},"size":20.424171447753908,"orthographic":false}