{"cameraMode":{"drawMode":0,"name":"Shaded","section":"Shading Mode"},"sceneLighting":false,"audioPlay":false,"sceneViewState":{"showFog":true,"showMaterialUpdate":false,"showSkybox":true,"showFlares":true,"showImageEffects":true,"showParticleSystems":true},"in2DMode":false,"pivot":{"x":5.126001834869385,"y":-1.4538145065307618,"z":-1.0696516036987305},"rotation":{"x":0.19405333697795869,"y":0.09510114043951035,"z":-0.01890524849295616,"w":0.9761873483657837},"size":14.360548973083496,"orthographic":false}