{"cameraMode":{"drawMode":0,"name":"Shaded","section":"Shading Mode"},"sceneLighting":false,"audioPlay":false,"sceneViewState":{"showFog":true,"showMaterialUpdate":false,"showSkybox":true,"showFlares":true,"showImageEffects":true,"showParticleSystems":true},"in2DMode":false,"pivot":{"x":0.8370099663734436,"y":0.8900343179702759,"z":-0.04541444778442383},"rotation":{"x":0.00038741572643630207,"y":-0.9971746206283569,"z":0.07494005560874939,"w":0.00515304459258914},"size":4.777141571044922,"orthographic":false}