{"cameraMode":{"drawMode":0,"name":"Shaded","section":"Shading Mode"},"sceneLighting":false,"audioPlay":false,"sceneViewState":{"showFog":true,"showMaterialUpdate":false,"showSkybox":true,"showFlares":true,"showImageEffects":true,"showParticleSystems":true},"in2DMode":false,"pivot":{"x":10.635357856750489,"y":-0.8448495864868164,"z":28.920122146606447},"rotation":{"x":-0.25051984190940859,"y":-0.5490699410438538,"z":0.17692387104034425,"w":-0.7774702906608582},"size":11.927533149719239,"orthographic":false}