{"cameraMode":{"drawMode":0,"name":"Shaded","section":"Shading Mode"},"sceneLighting":false,"audioPlay":false,"sceneViewState":{"showFog":true,"showMaterialUpdate":false,"showSkybox":true,"showFlares":true,"showImageEffects":true,"showParticleSystems":true},"in2DMode":false,"pivot":{"x":12.060821533203125,"y":0.5124871730804443,"z":12.012800216674805},"rotation":{"x":-0.03354186192154884,"y":-0.9585656523704529,"z":0.25265055894851687,"w":-0.12725794315338136},"size":5.767530918121338,"orthographic":false}