{"cameraMode":{"drawMode":0,"name":"Shaded","section":"Shading Mode"},"sceneLighting":false,"audioPlay":false,"sceneViewState":{"showFog":true,"showMaterialUpdate":false,"showSkybox":true,"showFlares":true,"showImageEffects":true,"showParticleSystems":true},"in2DMode":false,"pivot":{"x":253.53125,"y":186.09371948242188,"z":11.037501335144043},"rotation":{"x":0.4964697062969208,"y":0.5031331181526184,"z":-0.4859430193901062,"w":0.5140373110771179},"size":1055.60009765625,"orthographic":false}