{"cameraMode":{"drawMode":0,"name":"Shaded","section":"Shading Mode"},"sceneLighting":false,"audioPlay":false,"sceneViewState":{"showFog":true,"showMaterialUpdate":false,"showSkybox":true,"showFlares":true,"showImageEffects":true,"showParticleSystems":true},"in2DMode":false,"pivot":{"x":1.095211386680603,"y":0.3038906157016754,"z":4.030030250549316},"rotation":{"x":0.08960022032260895,"y":0.00527625298127532,"z":-0.0004753431130666286,"w":0.9959638118743897},"size":1.753974199295044,"orthographic":false}