{"cameraMode":{"drawMode":0,"name":"Shaded","section":"Shading Mode"},"sceneLighting":false,"audioPlay":false,"sceneViewState":{"showFog":true,"showMaterialUpdate":false,"showSkybox":true,"showFlares":true,"showImageEffects":true,"showParticleSystems":true},"in2DMode":false,"pivot":{"x":-0.6818701028823853,"y":-0.3025028705596924,"z":4.379350662231445},"rotation":{"x":0.2810130715370178,"y":-0.23383045196533204,"z":0.07079887390136719,"w":0.928085446357727},"size":6.719257354736328,"orthographic":false}